id,name,description,category,image_url,location,difficulty,distance,elevation_gain,points_of_interest,conditions,amenities,rating,reviews
creeks-edge-trail,Creek's Edge Trail,Information unavailable,Trail,,Creeks Edge Trail Corridor,Information unavailable,0.676,Information unavailable,Information unavailable,Information unavailable,Information unavailable,Information unavailable,Information unavailable
ninth-street-loop,Ninth Street Loop,Information unavailable,Trail,,Rev Ernest D Butler Park,Information unavailable,0.196,Information unavailable,Information unavailable,Information unavailable,Information unavailable,Information unavailable,Information unavailable
southeast-trail,Southeast Trail,Information unavailable,Trail,,Southeast Park,Information unavailable,0.285,Information unavailable,Information unavailable,Information unavailable,Information unavailable,Information unavailable,Information unavailable
jackson-creek-trail,Jackson Creek Trail,Information unavailable,Trail,,Goat Farm and Sherwood Oaks Park,Information unavailable,1.374,Information unavailable,Information unavailable,Information unavailable,Information unavailable,Information unavailable,Information unavailable
leonard-springs-nature-park-trail,Leonard Springs Nature Park Trail,Information unavailable,Trail,,Leonard Springs Nature Park,Information unavailable,1.158,Information unavailable,Information unavailable,Information unavailable,Information unavailable,Information unavailable,Information unavailable
sample-data-trail-01,"Sample Data Trail 01 - Creekside Loop","Sample data: A fictional loop beside a wooded creek corridor.",Trail,https://static.vecteezy.com/vite/assets/photo-masthead-375-BoK_p8LG.webp,"Sample location 01, Bloomington, Indiana",Easy,0.8,"Sample data: 120 ft","Sample data: Creek overlook; woodland clearing","Sample data only; not current trail conditions.","Sample data: Restrooms; picnic tables","Sample data: 4.2 out of 5","Sample data: 12 fictional reviews"
sample-data-trail-02,"Sample Data Trail 02 - Meadow Path","Sample data: A fictional path through an open meadow and shady tree line.",Trail,,"Sample location 02, Bloomington, Indiana",Easy,1.2,"Sample data: 80 ft","Sample data: Meadow viewpoint; birdwatching area","Sample data only; not current trail conditions.","Sample data: Benches; water fountain","Sample data: 4.5 out of 5","Sample data: 18 fictional reviews"
sample-data-trail-03,"Sample Data Trail 03 - Pine Ridge Walk","Sample data: A fictional walk along a low ridge with a view of the forest.",Trail,,"Sample location 03, Bloomington, Indiana",Moderate,2.4,"Sample data: 340 ft","Sample data: Ridge viewpoint; pine grove","Sample data only; not current trail conditions.","Sample data: Trail map kiosk; picnic tables","Sample data: 4.1 out of 5","Sample data: 9 fictional reviews"
sample-data-trail-04,"Sample Data Trail 04 - Fern Hollow Route","Sample data: A fictional route through a shaded hollow and fern garden.",Trail,,"Sample location 04, Bloomington, Indiana",Easy,0.6,"Sample data: 55 ft","Sample data: Fern garden; small footbridge","Sample data only; not current trail conditions.","Sample data: Restrooms; benches","Sample data: 4.7 out of 5","Sample data: 21 fictional reviews"
sample-data-trail-05,"Sample Data Trail 05 - Stone Creek Climb","Sample data: A fictional climb beside a rocky creek and wooded slope.",Trail,,"Sample location 05, Bloomington, Indiana",Difficult,3.7,"Sample data: 710 ft","Sample data: Creek crossing; stone overlook","Sample data only; not current trail conditions.","Sample data: Trail map kiosk; parking area","Sample data: 4.3 out of 5","Sample data: 14 fictional reviews"
sample-data-trail-06,"Sample Data Trail 06 - Lakeside Connector","Sample data: A fictional connector trail that follows a quiet lake shore.",Trail,,"Sample location 06, Bloomington, Indiana",Moderate,1.8,"Sample data: 190 ft","Sample data: Lakeside viewpoint; boardwalk","Sample data only; not current trail conditions.","Sample data: Restrooms; water fountain","Sample data: 4.0 out of 5","Sample data: 7 fictional reviews"
sample-data-trail-07,"Sample Data Trail 07 - Summit Practice Trail","Sample data: A fictional longer route with a steady climb to a hilltop clearing.",Trail,,"Sample location 07, Bloomington, Indiana",Difficult,5.2,"Sample data: 980 ft","Sample data: Hilltop clearing; woodland overlook","Sample data only; not current trail conditions.","Sample data: Parking area; trail map kiosk","Sample data: 4.6 out of 5","Sample data: 25 fictional reviews"
sample-data-trail-08,"Sample Data Trail 08 - Wildflower Bend","Sample data: A fictional easy loop around a seasonal wildflower meadow.",Trail,,"Sample location 08, Bloomington, Indiana",Easy,1.0,"Sample data: 95 ft","Sample data: Wildflower meadow; picnic grove","Sample data only; not current trail conditions.","Sample data: Picnic tables; benches","Sample data: 4.4 out of 5","Sample data: 11 fictional reviews"
sample-data-trail-09,"Sample Data Trail 09 - Canyon View Circuit","Sample data: A fictional circuit with a gradual climb to a rocky viewpoint.",Trail,,"Sample location 09, Bloomington, Indiana",Moderate,3.1,"Sample data: 460 ft","Sample data: Rock viewpoint; creek bend","Sample data only; not current trail conditions.","Sample data: Parking area; benches","Sample data: 4.2 out of 5","Sample data: 16 fictional reviews"
sample-data-trail-10,"Sample Data Trail 10 - Woodland Discovery Path","Sample data: A fictional family-friendly path through a mixed woodland.",Trail,,"Sample location 10, Bloomington, Indiana",Moderate,2.0,"Sample data: 220 ft","Sample data: Nature boardwalk; tree identification station","Sample data only; not current trail conditions.","Sample data: Restrooms; trail map kiosk","Sample data: 4.8 out of 5","Sample data: 30 fictional reviews"
